i,perc,n,acc,cor,alpha
0,0.1,584,0.36619718309859156,0.09354972879351978,0.08197409450707593
0,0.1473684210526316,890,0.4295774647887324,0.16366504805135978,0.128255472655028
0,0.19473684210526315,1186,0.4612676056338028,0.22797196839771822,0.20885951065509079
0,0.24210526315789474,1448,0.4753521126760563,0.2496903232765274,0.23525403932256173
0,0.2894736842105263,1786,0.4788732394366197,0.2762282276742617,0.2659406288424381
0,0.33684210526315794,2088,0.5211267605633803,0.37702556202305854,0.362840861487722
0,0.38421052631578945,2377,0.49295774647887325,0.31575385996686506,0.3003445648435973
0,0.43157894736842106,2604,0.5246478873239436,0.3558368454396839,0.3360519341783592
0,0.4789473684210527,2928,0.5211267605633803,0.38101070755946254,0.3636861885374255
0,0.5263157894736842,3208,0.5211267605633803,0.3107850573697789,0.2968863728265265
0,0.5736842105263158,3470,0.5211267605633803,0.35065058844811375,0.34060871632431455
0,0.6210526315789474,3729,0.4964788732394366,0.30161859681433173,0.29041964000426024
0,0.6684210526315789,4071,0.5633802816901409,0.3677325112066641,0.3580424384286587
0,0.7157894736842105,4309,0.5598591549295775,0.39892860493491694,0.38376100095429955
0,0.7631578947368421,4635,0.5598591549295775,0.3938435195382936,0.38424683786891534
0,0.8105263157894737,4909,0.5704225352112676,0.4041609722532725,0.39110505775426285
0,0.8578947368421053,5166,0.5704225352112676,0.3921739706570792,0.3832577791470446
0,0.9052631578947369,5472,0.5492957746478874,0.4000405988611497,0.3881202706282998
0,0.9526315789473684,5722,0.5598591549295775,0.39410462232857946,0.38342757720748166
0,1.0,6038,0.5774647887323944,0.43426310583325556,0.4249780893952674
1,0.1,586,0.45774647887323944,0.21164405648460802,0.20388158412723412
1,0.1473684210526316,880,0.5,0.23351458575089604,0.21081370449678805
1,0.19473684210526315,1214,0.5070422535211268,0.32367735839619133,0.3131502956410138
1,0.24210526315789474,1418,0.4788732394366197,0.2627676179928348,0.23747703123751696
1,0.2894736842105263,1764,0.49295774647887325,0.2917265653261583,0.2800459532271393
1,0.33684210526315794,1982,0.4894366197183099,0.28516435501011095,0.27436119937821113
1,0.38421052631578945,2314,0.5176056338028169,0.3557936985788043,0.3373071528751752
1,0.43157894736842106,2561,0.5105633802816901,0.2926124751274511,0.277299890473781
1,0.4789473684210527,2773,0.5352112676056338,0.3453812759769459,0.3346979218273317
1,0.5263157894736842,3178,0.545774647887324,0.4273362973351496,0.4140391927464172
1,0.5736842105263158,3466,0.5563380281690141,0.3944532823216516,0.38003220611916255
1,0.6210526315789474,3764,0.5774647887323944,0.423001574294795,0.40736296066893773
1,0.6684210526315789,4039,0.5563380281690141,0.3715260638566871,0.3537190964052179
1,0.7157894736842105,4332,0.5633802816901409,0.39578645509833177,0.3843252655182827
1,0.7631578947368421,4680,0.5598591549295775,0.3931315037546717,0.3834433527786306
1,0.8105263157894737,4843,0.5669014084507042,0.34279672908746,0.33506090640841346
1,0.8578947368421053,5203,0.545774647887324,0.36322288623424903,0.3557738276326654
1,0.9052631578947369,5482,0.5528169014084507,0.37811558684500046,0.369050571335915
1,0.9526315789473684,5779,0.5633802816901409,0.39463097348350923,0.3860545930701047
1,1.0,6038,0.5774647887323944,0.43426310583325556,0.4249780893952674
2,0.1,622,0.44366197183098594,0.21002500897799342,0.18573078289707456
2,0.1473684210526316,871,0.45422535211267606,0.14963760658357508,0.1340515652389801
2,0.19473684210526315,1169,0.4507042253521127,0.2633481050280278,0.23865365678990236
2,0.24210526315789474,1456,0.44366197183098594,0.21028744859648563,0.1949085930170643
2,0.2894736842105263,1744,0.5422535211267606,0.42220452249160384,0.4114174356622915
2,0.33684210526315794,2028,0.4894366197183099,0.27879685126439163,0.2642941441118364
2,0.38421052631578945,2371,0.49295774647887325,0.2679938959694484,0.2572100814046705
2,0.43157894736842106,2605,0.4894366197183099,0.31566317376886643,0.2994355426074291
2,0.4789473684210527,2935,0.5352112676056338,0.4155343280045573,0.3910277594183741
2,0.5263157894736842,3145,0.5492957746478874,0.3525096370363328,0.33851047050465677
2,0.5736842105263158,3520,0.528169014084507,0.2800291033337961,0.27098333676198316
2,0.6210526315789474,3780,0.5598591549295775,0.43513728721810807,0.4208450777068087
2,0.6684210526315789,4004,0.573943661971831,0.4031648383941555,0.39318350209928377
2,0.7157894736842105,4327,0.5352112676056338,0.3613164350391132,0.35141370730603927
2,0.7631578947368421,4653,0.5633802816901409,0.3572996980641796,0.34565382334750927
2,0.8105263157894737,4931,0.5492957746478874,0.35730738855891686,0.34570877842172787
2,0.8578947368421053,5230,0.5809859154929577,0.46428573887616226,0.4552098636862365
2,0.9052631578947369,5462,0.5563380281690141,0.4022206100459568,0.3917034211467397
2,0.9526315789473684,5743,0.5598591549295775,0.40944375387653686,0.4004558837496439
2,1.0,6038,0.5774647887323944,0.43426310583325556,0.4249780893952674
3,0.1,656,0.35563380281690143,-0.021562653516413365,-0.03210980381216744
3,0.1473684210526316,902,0.41901408450704225,0.08950859953816183,0.08444759206798869
3,0.19473684210526315,1144,0.46830985915492956,0.25159319662639534,0.2368349478000712
3,0.24210526315789474,1539,0.5105633802816901,0.2515931966263952,0.2368349478000712
3,0.2894736842105263,1765,0.49295774647887325,0.251779518136196,0.23693019082784095
3,0.33684210526315794,2079,0.4894366197183099,0.27488061359534005,0.2608878121363576
3,0.38421052631578945,2331,0.4964788732394366,0.24589790223300226,0.23965792070440006
3,0.43157894736842106,2637,0.4753521126760563,0.2162861533964669,0.2009926764083162
3,0.4789473684210527,2831,0.5070422535211268,0.28548617024371337,0.27352067135794356
3,0.5263157894736842,3124,0.5,0.24646634082262067,0.23306627822286974
3,0.5736842105263158,3458,0.545774647887324,0.43101014042978647,0.41517018856946397
3,0.6210526315789474,3677,0.5070422535211268,0.31623749269414536,0.3080145948666332
3,0.6684210526315789,4041,0.5563380281690141,0.3848863331446541,0.3734644687271812
3,0.7157894736842105,4259,0.5598591549295775,0.4073370600752846,0.3969736917521637
3,0.7631578947368421,4642,0.5633802816901409,0.39578645509833166,0.3843252655182827
3,0.8105263157894737,4900,0.5492957746478874,0.3956047901923302,0.386207335710647
3,0.8578947368421053,5201,0.573943661971831,0.42887861150263085,0.4172512140599707
3,0.9052631578947369,5465,0.5563380281690141,0.4117612128726582,0.4017635089305901
3,0.9526315789473684,5759,0.5633802816901409,0.39138948748007346,0.3818796837915117
3,1.0,6038,0.5774647887323944,0.43426310583325556,0.4249780893952674
4,0.1,602,0.4471830985915493,0.14819885636581906,0.1369115896547991
4,0.1473684210526316,874,0.4295774647887324,0.11512320023456937,0.09845890410958902
4,0.19473684210526315,1215,0.47183098591549294,0.2376484808480991,0.22425373134328364
4,0.24210526315789474,1468,0.49295774647887325,0.21367359830765364,0.20327868852459008
4,0.2894736842105263,1759,0.44366197183098594,0.1643271826965696,0.14882646267916344
4,0.33684210526315794,2064,0.5176056338028169,0.29985140213587974,0.2816222570532916
4,0.38421052631578945,2345,0.5246478873239436,0.3425213210777688,0.3288953678874973
4,0.43157894736842106,2631,0.5,0.33921427500420387,0.3249819417319886
4,0.4789473684210527,2855,0.5422535211267606,0.33386161631750894,0.31983232693551866
4,0.5263157894736842,3177,0.5352112676056338,0.30016697904279876,0.28994105295114736
4,0.5736842105263158,3458,0.5352112676056338,0.3244880623311462,0.31316591554432494
4,0.6210526315789474,3756,0.5140845070422535,0.31955034134017296,0.3068277421390262
4,0.6684210526315789,4044,0.5492957746478874,0.38385198631236156,0.3722376883939714
4,0.7157894736842105,4285,0.5352112676056338,0.3732227834567314,0.3593559001737774
4,0.7631578947368421,4575,0.5492957746478874,0.4021843224443637,0.39170515793733895
4,0.8105263157894737,4929,0.5528169014084507,0.40221967601618863,0.39002229365408536
4,0.8578947368421053,5161,0.5633802816901409,0.38147679297015924,0.3726250165972218
4,0.9052631578947369,5445,0.573943661971831,0.42361192914861096,0.4140147984706979
4,0.9526315789473684,5755,0.5704225352112676,0.4087903307501456,0.40084288520351075
4,1.0,6038,0.5774647887323944,0.43426310583325556,0.4249780893952674
5,0.1,599,0.43661971830985913,0.1132961404268629,0.09491782075144328
5,0.1473684210526316,873,0.4471830985915493,0.1687216806830447,0.1441777320247345
5,0.19473684210526315,1160,0.4753521126760563,0.24472380325524898,0.23221234749684472
5,0.24210526315789474,1441,0.4823943661971831,0.2945072996974341,0.27758631493201325
5,0.2894736842105263,1750,0.46830985915492956,0.23680112497279907,0.22521879978403314
5,0.33684210526315794,2041,0.5070422535211268,0.3444290362378314,0.32980936218543444
5,0.38421052631578945,2332,0.4964788732394366,0.3338461722372679,0.31655981773868813
5,0.43157894736842106,2575,0.4823943661971831,0.24274063801985127,0.22639621611788252
5,0.4789473684210527,2906,0.5387323943661971,0.3624247951042669,0.3418113065902978
5,0.5263157894736842,3119,0.5633802816901409,0.3694655598330329,0.35177602892693827
5,0.5736842105263158,3486,0.5316901408450704,0.36773251120666417,0.3580424384286587
5,0.6210526315789474,3813,0.5422535211267606,0.3521874182970995,0.3413636363636364
5,0.6684210526315789,4063,0.5704225352112676,0.4015490978753338,0.38530897168090117
5,0.7157894736842105,4306,0.5633802816901409,0.4001060271669166,0.3887022364858089
5,0.7631578947368421,4627,0.545774647887324,0.335126031089036,0.32453861927546135
5,0.8105263157894737,4899,0.5387323943661971,0.3685973213865554,0.36102786377708984
5,0.8578947368421053,5156,0.5528169014084507,0.35993819214366574,0.3520981824380204
5,0.9052631578947369,5463,0.5669014084507042,0.3929497941476638,0.3834722725625226
5,0.9526315789473684,5755,0.5704225352112676,0.42781857545511087,0.4196230183497691
5,1.0,6038,0.5774647887323944,0.43426310583325556,0.4249780893952674
6,0.1,571,0.45774647887323944,0.17862924633754582,0.16674203029617907
6,0.1473684210526316,936,0.43309859154929575,0.17837413433816846,0.16790807143846043
6,0.19473684210526315,1188,0.44014084507042256,0.1969066583820875,0.18008729882441155
6,0.24210526315789474,1437,0.4753521126760563,0.2756340389614668,0.2601610216546363
6,0.2894736842105263,1730,0.49295774647887325,0.22206006372111178,0.2087212525569213
6,0.33684210526315794,2042,0.49295774647887325,0.28790577816803786,0.2778768344534358
6,0.38421052631578945,2328,0.5035211267605634,0.35839250418086466,0.349015941928967
6,0.43157894736842106,2645,0.5,0.28065602581790544,0.263805086687543
6,0.4789473684210527,2862,0.5246478873239436,0.30045232668228133,0.2898980751815957
6,0.5263157894736842,3140,0.5176056338028169,0.31856189547146657,0.306905506035958
6,0.5736842105263158,3484,0.5422535211267606,0.33907611095106605,0.3230428108476888
6,0.6210526315789474,3727,0.5352112676056338,0.30046417590758934,0.29124559232333536
6,0.6684210526315789,4060,0.5422535211267606,0.3687133225700385,0.3556818181818181
6,0.7157894736842105,4362,0.5492957746478874,0.40518769391901277,0.3898905597984411
6,0.7631578947368421,4612,0.5492957746478874,0.3624769953999061,0.34900682908699954
6,0.8105263157894737,4896,0.5492957746478874,0.3963444000071839,0.3885782672924808
6,0.8578947368421053,5222,0.5704225352112676,0.4426040679280773,0.42878034513015506
6,0.9052631578947369,5485,0.5845070422535211,0.43185373927694154,0.4206008583690988
6,0.9526315789473684,5768,0.5704225352112676,0.3956047901923302,0.386207335710647
6,1.0,6038,0.5774647887323944,0.43426310583325556,0.4249780893952674
7,0.1,573,0.426056338028169,0.16243349230115062,0.15389657480754215
7,0.1473684210526316,899,0.41901408450704225,0.17423673526813147,0.1670611278870482
7,0.19473684210526315,1106,0.4788732394366197,0.2376010081609886,0.22812432607289201
7,0.24210526315789474,1457,0.4894366197183099,0.285680578050761,0.26568593078084424
7,0.2894736842105263,1738,0.49295774647887325,0.3015815775627588,0.29374685455460503
7,0.33684210526315794,2012,0.5140845070422535,0.2990967475007498,0.28143628256277875
7,0.38421052631578945,2256,0.5105633802816901,0.36330454585148875,0.3522911051212938
7,0.43157894736842106,2582,0.545774647887324,0.33802659451159983,0.3225070606126439
7,0.4789473684210527,2895,0.4964788732394366,0.3027383015939758,0.2914679385267621
7,0.5263157894736842,3204,0.528169014084507,0.28430628283228104,0.27528758429194755
7,0.5736842105263158,3523,0.5492957746478874,0.3480647856621237,0.3323136434506305
7,0.6210526315789474,3747,0.5528169014084507,0.405676834873549,0.3989498077112711
7,0.6684210526315789,3957,0.5598591549295775,0.40365847303119323,0.3903534293014901
7,0.7157894736842105,4322,0.5422535211267606,0.3430818856161702,0.3324077746925822
7,0.7631578947368421,4580,0.5422535211267606,0.3392142750042041,0.3249819417319886
7,0.8105263157894737,4873,0.5492957746478874,0.40049520405673716,0.3890677523211026
7,0.8578947368421053,5199,0.5633802816901409,0.4209150883036733,0.40578495074407883
7,0.9052631578947369,5447,0.5704225352112676,0.3921739706570789,0.3832577791470446
7,0.9526315789473684,5740,0.5704225352112676,0.4235338356668645,0.4137096164031172
7,1.0,6038,0.5774647887323944,0.43426310583325556,0.4249780893952674
8,0.1,605,0.4154929577464789,0.07576709986527569,0.07079114037284862
8,0.1473684210526316,889,0.4507042253521127,0.18617130060358478,0.1548677319726065
8,0.19473684210526315,1177,0.49295774647887325,0.3421821391401163,0.33108774553729725
8,0.24210526315789474,1464,0.4647887323943662,0.18746178614807182,0.17512885834468872
8,0.2894736842105263,1739,0.46830985915492956,0.23191921015350747,0.2138673646564906
8,0.33684210526315794,2097,0.4788732394366197,0.26080186568585445,0.2486026189414019
8,0.38421052631578945,2254,0.5140845070422535,0.33456843819432636,0.32344637373098517
8,0.43157894736842106,2618,0.5070422535211268,0.349758121124873,0.3329233401962619
8,0.4789473684210527,2905,0.5669014084507042,0.3474807294224747,0.3353218537525725
8,0.5263157894736842,3136,0.5492957746478874,0.37885006571880897,0.36496956281128945
8,0.5736842105263158,3484,0.5140845070422535,0.34189229510405117,0.32785260295624563
8,0.6210526315789474,3748,0.5105633802816901,0.29634276543577004,0.28490826540636705
8,0.6684210526315789,4117,0.5563380281690141,0.4178709772734922,0.40562961045683976
8,0.7157894736842105,4314,0.5387323943661971,0.36875939843908345,0.35897633546596774
8,0.7631578947368421,4585,0.5316901408450704,0.34516561302944954,0.33807582577427076
8,0.8105263157894737,4856,0.5492957746478874,0.35457780171166314,0.344152864924944
8,0.8578947368421053,5157,0.5633802816901409,0.4254589157354917,0.4129675165005825
8,0.9052631578947369,5480,0.5633802816901409,0.36973206742815873,0.3588086668260626
8,0.9526315789473684,5744,0.5809859154929577,0.43578403218052403,0.4251122544728606
8,1.0,6038,0.5774647887323944,0.43426310583325556,0.4249780893952674
9,0.1,604,0.4225352112676056,0.21627782296288275,0.19646076794657752
9,0.1473684210526316,885,0.45422535211267606,0.1414406480414011,0.13482206830666355
9,0.19473684210526315,1099,0.4894366197183099,0.2535845088826217,0.24309221780225532
9,0.24210526315789474,1423,0.5070422535211268,0.26583627496624124,0.255964097315172
9,0.2894736842105263,1716,0.4647887323943662,0.26456978857166397,0.2529745735086385
9,0.33684210526315794,2112,0.5211267605633803,0.3622162477505862,0.3454940806958202
9,0.38421052631578945,2355,0.5140845070422535,0.2719590448211232,0.25878377925412466
9,0.43157894736842106,2632,0.5105633802816901,0.38408304302661495,0.36948182266820206
9,0.4789473684210527,2887,0.5704225352112676,0.4366675430534871,0.41658769055806777
9,0.5263157894736842,3196,0.4964788732394366,0.22491869418347876,0.21324262427589924
9,0.5736842105263158,3442,0.5422535211267606,0.3028427213118663,0.29097985194893783
9,0.6210526315789474,3799,0.5387323943661971,0.32301389050799967,0.31423057128152343
9,0.6684210526315789,4051,0.545774647887324,0.3836667929375443,0.37259547759113265
9,0.7157894736842105,4310,0.5387323943661971,0.3957036444332629,0.38006346835915616
9,0.7631578947368421,4654,0.545774647887324,0.38755788739651775,0.3749508441905892
9,0.8105263157894737,4897,0.5669014084507042,0.4103547133349034,0.3997921358046077
9,0.8578947368421053,5151,0.5598591549295775,0.395939299778172,0.38259860335013407
9,0.9052631578947369,5474,0.5563380281690141,0.40201275096680744,0.3916309012875536
9,0.9526315789473684,5736,0.5704225352112676,0.4149451462625396,0.4064687999498543
9,1.0,6038,0.5774647887323944,0.43426310583325556,0.4249780893952674
10,0.1,619,0.45422535211267606,0.2786879456591981,0.23461123110151183
10,0.1473684210526316,912,0.4507042253521127,0.15143404119021917,0.13739820421799953
10,0.19473684210526315,1116,0.4612676056338028,0.1895769403011083,0.1800490304098723
10,0.24210526315789474,1503,0.46830985915492956,0.22340072984053871,0.21094319009468332
10,0.2894736842105263,1730,0.4753521126760563,0.24589464573598313,0.23413577241904182
10,0.33684210526315794,2002,0.49295774647887325,0.3041307604859718,0.2883081520836792
10,0.38421052631578945,2361,0.5105633802816901,0.2973721294205496,0.2844339463472245
10,0.43157894736842106,2611,0.5352112676056338,0.27959770486567853,0.2723452440865627
10,0.4789473684210527,2892,0.545774647887324,0.35194652349545474,0.33606996606222594
10,0.5263157894736842,3211,0.49295774647887325,0.27635407693366837,0.26260359556292223
10,0.5736842105263158,3418,0.5387323943661971,0.3931315037546717,0.3834433527786306
10,0.6210526315789474,3780,0.5105633802816901,0.2718832225870894,0.26179120296767366
10,0.6684210526315789,3972,0.545774647887324,0.37914928925250874,0.3689199907888341
10,0.7157894736842105,4363,0.5387323943661971,0.3697331270666937,0.3549321266968325
10,0.7631578947368421,4626,0.5492957746478874,0.3712209998073822,0.36063557150179404
10,0.8105263157894737,4819,0.5669014084507042,0.41885599593501033,0.41017956656346755
10,0.8578947368421053,5166,0.5704225352112676,0.40417298348246533,0.3936210367388022
10,0.9052631578947369,5431,0.5845070422535211,0.4216460801817178,0.4141832847860184
10,0.9526315789473684,5733,0.5633802816901409,0.41006265877054776,0.40083288000150075
10,1.0,6038,0.5774647887323944,0.43426310583325556,0.4249780893952674
11,0.1,596,0.4225352112676056,0.10768141778588532,0.08939148371887429
11,0.1473684210526316,862,0.40492957746478875,0.11193596720451962,0.09438186573670448
11,0.19473684210526315,1172,0.4753521126760563,0.24193053999638245,0.2256637168141593
11,0.24210526315789474,1450,0.4859154929577465,0.24368782253771734,0.2302679807770629
11,0.2894736842105263,1771,0.4859154929577465,0.21897650953601364,0.2053977939450834
11,0.33684210526315794,2092,0.49295774647887325,0.242013631443663,0.22865496680225517
11,0.38421052631578945,2260,0.5352112676056338,0.3780074438861443,0.36575550298292536
11,0.43157894736842106,2594,0.528169014084507,0.35806269819097475,0.33796258138959856
11,0.4789473684210527,2833,0.5352112676056338,0.3578330538554739,0.34915695227406074
11,0.5263157894736842,3175,0.5492957746478874,0.34021259539103826,0.3273436480971932
11,0.5736842105263158,3448,0.5352112676056338,0.3314307467261878,0.31695595854922287
11,0.6210526315789474,3750,0.5105633802816901,0.2522622011382438,0.24153687221869036
11,0.6684210526315789,4003,0.528169014084507,0.4091183332154977,0.3932281800235299
11,0.7157894736842105,4302,0.545774647887324,0.3484342188830451,0.3375308321433207
11,0.7631578947368421,4613,0.5633802816901409,0.36538584856991224,0.3549974546071609
11,0.8105263157894737,4902,0.5598591549295775,0.4007917646028403,0.3902917288667359
11,0.8578947368421053,5201,0.5669014084507042,0.4183692829454879,0.4065052207174611
11,0.9052631578947369,5443,0.5669014084507042,0.4126753343682199,0.40252134650632576
11,0.9526315789473684,5767,0.5633802816901409,0.4166007584683464,0.4074712933118453
11,1.0,6038,0.5774647887323944,0.43426310583325556,0.4249780893952674
12,0.1,625,0.45774647887323944,0.1333141294205364,0.1204331941544885
12,0.1473684210526316,879,0.4612676056338028,0.14980495202896357,0.13783650654273671
12,0.19473684210526315,1226,0.5070422535211268,0.2907794708172535,0.2723100596010025
12,0.24210526315789474,1487,0.528169014084507,0.31384530900862095,0.2879746835443039
12,0.2894736842105263,1781,0.5070422535211268,0.3445358793534767,0.3339916356877324
12,0.33684210526315794,2030,0.5,0.28262118803479397,0.2732860767440035
12,0.38421052631578945,2324,0.5352112676056338,0.32757108697851434,0.3140391439939778
12,0.43157894736842106,2643,0.5176056338028169,0.3384927749300392,0.327522871082105
12,0.4789473684210527,2908,0.5070422535211268,0.2790187803783446,0.2679075864329018
12,0.5263157894736842,3172,0.5176056338028169,0.3206579500633389,0.31292474515290825
12,0.5736842105263158,3483,0.545774647887324,0.3384794419801744,0.3320305925912074
12,0.6210526315789474,3817,0.5598591549295775,0.38933357577236494,0.38073472686064935
12,0.6684210526315789,4014,0.5352112676056338,0.3436700233200822,0.33438323914117285
12,0.7157894736842105,4349,0.5492957746478874,0.3408105425993172,0.33017006361157986
12,0.7631578947368421,4563,0.5352112676056338,0.384065683514382,0.37141727229703014
12,0.8105263157894737,4855,0.5774647887323944,0.4574137724496197,0.44597433948768384
12,0.8578947368421053,5112,0.5563380281690141,0.35258934623649113,0.34493904633236316
12,0.9052631578947369,5488,0.5950704225352113,0.4481122719582438,0.44004147840900676
12,0.9526315789473684,5729,0.5563380281690141,0.3935934514977911,0.3847871093262827
12,1.0,6038,0.5774647887323944,0.43426310583325556,0.4249780893952674
13,0.1,600,0.41901408450704225,0.12890071943619788,0.11432956071360068
13,0.1473684210526316,905,0.4507042253521127,0.19734349571239596,0.18759936406995226
13,0.19473684210526315,1182,0.4788732394366197,0.28660290380860537,0.26677716890409886
13,0.24210526315789474,1455,0.4788732394366197,0.19057361438365483,0.183393006164697
13,0.2894736842105263,1696,0.5316901408450704,0.4004448962170002,0.3836915423549103
13,0.33684210526315794,2119,0.5352112676056338,0.3720355495271087,0.3560883280757098
13,0.38421052631578945,2286,0.4859154929577465,0.2816269867163981,0.26412171206860235
13,0.43157894736842106,2632,0.49295774647887325,0.28564168629277614,0.27089584226318053
13,0.4789473684210527,2874,0.5211267605633803,0.3636062612866945,0.3503536913420344
13,0.5263157894736842,3135,0.5633802816901409,0.352973204053805,0.33831914056508783
13,0.5736842105263158,3452,0.5105633802816901,0.2997283308936135,0.2893306403953684
13,0.6210526315789474,3735,0.545774647887324,0.34898708230780146,0.33894544178116537
13,0.6684210526315789,4036,0.5387323943661971,0.3716159610253712,0.35591450802718405
13,0.7157894736842105,4297,0.5492957746478874,0.3528809706516737,0.34361642580907803
13,0.7631578947368421,4603,0.5492957746478874,0.34693748105143507,0.33717734036839286
13,0.8105263157894737,4954,0.5633802816901409,0.4104106438609297,0.40179045217033027
13,0.8578947368421053,5247,0.573943661971831,0.4228611077353362,0.4140228110369558
13,0.9052631578947369,5475,0.573943661971831,0.406803867894254,0.3975177148893094
13,0.9526315789473684,5761,0.5598591549295775,0.4087903307501457,0.40084288520351075
13,1.0,6038,0.5774647887323944,0.43426310583325556,0.4249780893952674
14,0.1,604,0.38028169014084506,-0.01710651112171064,-0.018983766972059835
14,0.1473684210526316,893,0.5140845070422535,0.24494414840575265,0.23503724801376513
14,0.19473684210526315,1181,0.43661971830985913,0.23212686113023379,0.22216940128219065
14,0.24210526315789474,1422,0.4647887323943662,0.17308752964097615,0.1616855000528038
14,0.2894736842105263,1730,0.4894366197183099,0.35590850279092495,0.33982291299991874
14,0.33684210526315794,2077,0.4612676056338028,0.20552630083478854,0.1911554921540657
14,0.38421052631578945,2315,0.5211267605633803,0.3364805158837151,0.32554110315223284
14,0.43157894736842106,2607,0.5035211267605634,0.3236048866859003,0.30911700197665914
14,0.4789473684210527,2888,0.5070422535211268,0.2822924767023363,0.27399824510090676
14,0.5263157894736842,3246,0.5528169014084507,0.3947602360859377,0.3725535133153045
14,0.5736842105263158,3487,0.545774647887324,0.36453278166113573,0.3518828262736766
14,0.6210526315789474,3736,0.5669014084507042,0.4226313253586148,0.4086893213435391
14,0.6684210526315789,4051,0.545774647887324,0.3213983568673849,0.3146655922643029
14,0.7157894736842105,4347,0.5563380281690141,0.38826381065662874,0.37703917398595466
14,0.7631578947368421,4640,0.5492957746478874,0.3586788325808702,0.34893223937852424
14,0.8105263157894737,4871,0.5492957746478874,0.3872585752607144,0.3734143291048776
14,0.8578947368421053,5178,0.573943661971831,0.39749397195353303,0.3885182584269663
14,0.9052631578947369,5407,0.5633802816901409,0.4100626587705479,0.40083288000150075
14,0.9526315789473684,5744,0.5774647887323944,0.4256976891984255,0.4177231734413802
14,1.0,6038,0.5774647887323944,0.43426310583325556,0.4249780893952674
15,0.1,568,0.426056338028169,0.0005335483088714241,-0.0035846025702046536
15,0.1473684210526316,891,0.4119718309859155,0.11906451381110933,0.11046365037120043
15,0.19473684210526315,1138,0.4647887323943662,0.16173145006834933,0.15553191489361695
15,0.24210526315789474,1446,0.4823943661971831,0.2700593961888053,0.255103814045307
15,0.2894736842105263,1738,0.5211267605633803,0.3577947856951599,0.3478884523932597
15,0.33684210526315794,2046,0.5,0.290912197919043,0.2782586558044806
15,0.38421052631578945,2305,0.528169014084507,0.31856189547146685,0.306905506035958
15,0.43157894736842106,2642,0.5070422535211268,0.3099682718034666,0.29258580871227213
15,0.4789473684210527,2936,0.5035211267605634,0.2413250760739557,0.23221729548894143
15,0.5263157894736842,3191,0.5316901408450704,0.36130005290080097,0.3468266938141291
15,0.5736842105263158,3471,0.5105633802816901,0.32028892036448814,0.3051047147006847
15,0.6210526315789474,3729,0.5598591549295775,0.36020523808830535,0.35081781580271776
15,0.6684210526315789,4078,0.5492957746478874,0.3475627080236924,0.339025390074556
15,0.7157894736842105,4261,0.5387323943661971,0.3386861536221074,0.3242928234677841
15,0.7631578947368421,4639,0.5598591549295775,0.38171873064037953,0.36970338983050854
15,0.8105263157894737,4902,0.5492957746478874,0.3951968932219549,0.3856372484545575
15,0.8578947368421053,5132,0.5633802816901409,0.3657341008202748,0.354066985645933
15,0.9052631578947369,5465,0.5669014084507042,0.3946965089683648,0.3860955456358629
15,0.9526315789473684,5760,0.5669014084507042,0.4124423836010115,0.403680981595092
15,1.0,6038,0.5774647887323944,0.43426310583325556,0.4249780893952674
16,0.1,601,0.4471830985915493,0.14750013450100075,0.1330333117442427
16,0.1473684210526316,873,0.4612676056338028,0.22142324197949745,0.18249227600411944
16,0.19473684210526315,1153,0.4612676056338028,0.2669842911819748,0.260113092648978
16,0.24210526315789474,1439,0.4894366197183099,0.2748785986148535,0.2637404040879763
16,0.2894736842105263,1747,0.4753521126760563,0.23660961076809991,0.21894996844612435
16,0.33684210526315794,2081,0.5070422535211268,0.3549129660606377,0.34003673527056943
16,0.38421052631578945,2309,0.4964788732394366,0.3389201380329559,0.3264290312518665
16,0.43157894736842106,2675,0.49295774647887325,0.29823648749097736,0.2865645409335117
16,0.4789473684210527,2894,0.5387323943661971,0.3924922660711357,0.37571243523316067
16,0.5263157894736842,3158,0.5070422535211268,0.3055283099845855,0.29278109248019746
16,0.5736842105263158,3480,0.5176056338028169,0.3386735975877614,0.33054487904137464
16,0.6210526315789474,3751,0.5176056338028169,0.3436506324239002,0.33171433012123097
16,0.6684210526315789,4063,0.5352112676056338,0.3568116905612842,0.34326073064224083
16,0.7157894736842105,4359,0.5246478873239436,0.3639122735624027,0.3544265364471322
16,0.7631578947368421,4675,0.5704225352112676,0.4319083454980609,0.4192833251225141
16,0.8105263157894737,4854,0.5528169014084507,0.38857585603174477,0.3769595380984272
16,0.8578947368421053,5173,0.5845070422535211,0.4356408065592379,0.42563375288069494
16,0.9052631578947369,5455,0.545774647887324,0.3780146241046845,0.3699802253680279
16,0.9526315789473684,5780,0.5598591549295775,0.411676185285231,0.40315789473684216
16,1.0,6038,0.5774647887323944,0.43426310583325556,0.4249780893952674
17,0.1,597,0.4295774647887324,0.18168282856799903,0.16721183524319727
17,0.1473684210526316,866,0.4507042253521127,0.1893787621619252,0.17524586960769417
17,0.19473684210526315,1203,0.4894366197183099,0.29444996704813864,0.2731747391978697
17,0.24210526315789474,1485,0.49295774647887325,0.2080890791061675,0.1964285714285714
17,0.2894736842105263,1698,0.4647887323943662,0.20895758789394803,0.20298003935901032
17,0.33684210526315794,2030,0.4753521126760563,0.23303871882794944,0.22320904336089076
17,0.38421052631578945,2298,0.5211267605633803,0.38060907134012806,0.3706193904411531
17,0.43157894736842106,2603,0.4964788732394366,0.24902641574559026,0.24160506863780362
17,0.4789473684210527,2888,0.5140845070422535,0.31860227506669064,0.3066890086499706
17,0.5263157894736842,3175,0.528169014084507,0.3146680365349385,0.30277772238728595
17,0.5736842105263158,3525,0.5140845070422535,0.3182229177491875,0.305394771809514
17,0.6210526315789474,3722,0.5352112676056338,0.3614325851454246,0.35352690787473395
17,0.6684210526315789,3944,0.5246478873239436,0.36561883069353135,0.34915294490183657
17,0.7157894736842105,4346,0.5387323943661971,0.38119204647205196,0.37075573973455134
17,0.7631578947368421,4622,0.5563380281690141,0.36062139439669677,0.3527233060199396
17,0.8105263157894737,4876,0.5633802816901409,0.42501259438295824,0.4137769179537597
17,0.8578947368421053,5167,0.5563380281690141,0.3822074946622577,0.3714289354978465
17,0.9052631578947369,5412,0.5598591549295775,0.3873228865142787,0.37891537657897245
17,0.9526315789473684,5749,0.5669014084507042,0.38840030433411127,0.380724615848147
17,1.0,6038,0.5774647887323944,0.43426310583325556,0.4249780893952674
18,0.1,609,0.43309859154929575,0.16746278361237488,0.14420261418178526
18,0.1473684210526316,866,0.4647887323943662,0.1264732790091269,0.11913816737548766
18,0.19473684210526315,1214,0.4295774647887324,0.14063990135426702,0.13007159904534604
18,0.24210526315789474,1421,0.5,0.26033652771800225,0.24612311344311633
18,0.2894736842105263,1747,0.5,0.29730051430213955,0.282520363976269
18,0.33684210526315794,1993,0.5316901408450704,0.37211719997555043,0.3592061841688894
18,0.38421052631578945,2340,0.5140845070422535,0.3110996228808691,0.29998141461342387
18,0.43157894736842106,2656,0.5211267605633803,0.2936230163702209,0.27849067723960574
18,0.4789473684210527,2848,0.5246478873239436,0.3261360718858647,0.3137497163317281
18,0.5263157894736842,3195,0.5105633802816901,0.3242710274726419,0.309220755618677
18,0.5736842105263158,3461,0.5140845070422535,0.3368306893649786,0.32245678875299566
18,0.6210526315789474,3734,0.5528169014084507,0.4087020734511878,0.39696309584828304
18,0.6684210526315789,4036,0.5352112676056338,0.3468433654512974,0.33707089874072793
18,0.7157894736842105,4261,0.545774647887324,0.37686299310089705,0.3671874999999999
18,0.7631578947368421,4662,0.5352112676056338,0.3763855609416554,0.3605778267056897
18,0.8105263157894737,4949,0.5387323943661971,0.3466194697515676,0.3388657338493599
18,0.8578947368421053,5139,0.5563380281690141,0.3916652291498422,0.38054165947904084
18,0.9052631578947369,5479,0.5845070422535211,0.44559900740825054,0.4377649421155705
18,0.9526315789473684,5747,0.5774647887323944,0.41792935343012455,0.4075460227596558
18,1.0,6038,0.5774647887323944,0.43426310583325556,0.4249780893952674
19,0.1,596,0.3908450704225352,0.07262001580116545,0.0634765084759158
19,0.1473684210526316,910,0.4471830985915493,0.2321172967242445,0.22113266055544967
19,0.19473684210526315,1213,0.4894366197183099,0.2571831671226917,0.23620618556701034
19,0.24210526315789474,1432,0.47183098591549294,0.2203018326148184,0.20369183345697062
19,0.2894736842105263,1735,0.5316901408450704,0.3191573299660732,0.3052176208948556
19,0.33684210526315794,1972,0.4964788732394366,0.3067133801963613,0.2928110819202294
19,0.38421052631578945,2325,0.5176056338028169,0.38041549730504104,0.36265119441060256
19,0.43157894736842106,2608,0.5035211267605634,0.28277350785793004,0.27364296300017577
19,0.4789473684210527,2869,0.5352112676056338,0.3652641192859945,0.3452655889145497
19,0.5263157894736842,3187,0.5070422535211268,0.2981738983111925,0.28871301435092434
19,0.5736842105263158,3493,0.5176056338028169,0.33009305711846015,0.3208542521470986
19,0.6210526315789474,3711,0.5528169014084507,0.3948339636928728,0.3809066512313197
19,0.6684210526315789,4037,0.5352112676056338,0.365297264373301,0.34711446196024665
19,0.7157894736842105,4309,0.5422535211267606,0.36278988918037325,0.34864150036066355
19,0.7631578947368421,4631,0.5598591549295775,0.4270746264104783,0.4161704794735194
19,0.8105263157894737,4885,0.5492957746478874,0.37832290866113244,0.3677007299270072
19,0.8578947368421053,5208,0.5774647887323944,0.4348643362488075,0.4272201304068326
19,0.9052631578947369,5482,0.5669014084507042,0.4012058587224267,0.38969759097898526
19,0.9526315789473684,5760,0.5669014084507042,0.42459626604508116,0.41501435029732314
19,1.0,6038,0.5774647887323944,0.43426310583325556,0.4249780893952674
20,0.1,582,0.4154929577464789,0.12297206884516632,0.09561786433848218
20,0.1473684210526316,877,0.45422535211267606,0.2030470354544832,0.19014945977160747
20,0.19473684210526315,1206,0.4471830985915493,0.1745879466654548,0.16421340896865366
20,0.24210526315789474,1423,0.4894366197183099,0.2498298673641385,0.2302430619011565
20,0.2894736842105263,1764,0.45774647887323944,0.2774652558039178,0.2576947739660148
20,0.33684210526315794,2061,0.5704225352112676,0.4302972830122014,0.41318848611509884
20,0.38421052631578945,2394,0.5070422535211268,0.30674269113190133,0.2967419379587245
20,0.43157894736842106,2627,0.528169014084507,0.30244724844417115,0.29421429994025095
20,0.4789473684210527,2920,0.5492957746478874,0.38294355981168826,0.3663986047863579
20,0.5263157894736842,3162,0.5528169014084507,0.39970164350493387,0.38041926163293494
20,0.5736842105263158,3428,0.5563380281690141,0.3189847436712039,0.31221359080549904
20,0.6210526315789474,3749,0.5105633802816901,0.3102500562628025,0.30166982134985865
20,0.6684210526315789,4073,0.5704225352112676,0.3884003233581864,0.37882098143891185
20,0.7157894736842105,4321,0.5211267605633803,0.3045160099932888,0.29710889756863335
20,0.7631578947368421,4601,0.5492957746478874,0.3545240120170703,0.3425740486982185
20,0.8105263157894737,4879,0.573943661971831,0.4376206715449295,0.4238364303605755
20,0.8578947368421053,5214,0.5704225352112676,0.4149247251383843,0.40439650534190763
20,0.9052631578947369,5432,0.5492957746478874,0.3829126895930572,0.3742977528089888
20,0.9526315789473684,5745,0.5880281690140845,0.4317778837755403,0.4241174479086517
20,1.0,6038,0.5774647887323944,0.43426310583325556,0.4249780893952674
21,0.1,586,0.43309859154929575,0.10149066775518104,0.08416542076035882
21,0.1473684210526316,850,0.4647887323943662,0.10562216993797961,0.09922526192025871
21,0.19473684210526315,1174,0.4788732394366197,0.16916113155639997,0.13557985490484703
21,0.24210526315789474,1427,0.4647887323943662,0.24520157681396063,0.23836678832116787
21,0.2894736842105263,1801,0.5176056338028169,0.3043726238721528,0.29638205869559664
21,0.33684210526315794,2026,0.5105633802816901,0.2860133260435295,0.274517863417286
21,0.38421052631578945,2350,0.5176056338028169,0.391853351063341,0.3769435762460932
21,0.43157894736842106,2636,0.5105633802816901,0.3250685483401991,0.31238511029411775
21,0.4789473684210527,2884,0.5316901408450704,0.3210985115165813,0.3063063063063063
21,0.5263157894736842,3247,0.5035211267605634,0.3287580324999048,0.3154378622021893
21,0.5736842105263158,3448,0.5492957746478874,0.36159318031359666,0.340643554874545
21,0.6210526315789474,3686,0.5492957746478874,0.3231864418682479,0.31077182014907423
21,0.6684210526315789,4069,0.5387323943661971,0.3598574229258466,0.34968868947089815
21,0.7157894736842105,4353,0.5352112676056338,0.36121803916622847,0.3493617379916628
21,0.7631578947368421,4614,0.5176056338028169,0.30948513290291063,0.2988581351294465
21,0.8105263157894737,4906,0.545774647887324,0.360306740929169,0.3508294321188684
21,0.8578947368421053,5172,0.5809859154929577,0.40879033075014576,0.40084288520351075
21,0.9052631578947369,5489,0.5633802816901409,0.4573969840161467,0.44634523688749106
21,0.9526315789473684,5763,0.5598591549295775,0.385532690496332,0.37626142194921885
21,1.0,6038,0.5774647887323944,0.43426310583325556,0.4249780893952674
22,0.1,602,0.4295774647887324,0.12058675034031201,0.1088375295632128
22,0.1473684210526316,921,0.4647887323943662,0.2055882380545655,0.18986516479857962
22,0.19473684210526315,1147,0.4823943661971831,0.2830872643841157,0.2688463296649314
22,0.24210526315789474,1489,0.49295774647887325,0.31125421636011485,0.29083632118735925
22,0.2894736842105263,1711,0.5528169014084507,0.3910891554606908,0.37624589120983976
22,0.33684210526315794,2009,0.4894366197183099,0.2795427776820322,0.2720028904904156
22,0.38421052631578945,2401,0.4823943661971831,0.26185943383417737,0.2520984890878568
22,0.43157894736842106,2584,0.5035211267605634,0.331040247756921,0.3141842680262201
22,0.4789473684210527,2909,0.5352112676056338,0.3597313575637863,0.3461854522320007
22,0.5263157894736842,3194,0.5070422535211268,0.29728679367151667,0.2819884143877138
22,0.5736842105263158,3469,0.528169014084507,0.3405768457785041,0.32532469176434853
22,0.6210526315789474,3771,0.5352112676056338,0.32078954559957024,0.3068876375222942
22,0.6684210526315789,4025,0.5598591549295775,0.40970516145874225,0.3973421419433677
22,0.7157894736842105,4308,0.5387323943661971,0.3898075054679082,0.3810657933908901
22,0.7631578947368421,4580,0.5422535211267606,0.3871301191881881,0.37530233194907126
22,0.8105263157894737,4881,0.5633802816901409,0.39071323133121083,0.37734925545466524
22,0.8578947368421053,5203,0.5528169014084507,0.3688954035721146,0.3572274102328029
22,0.9052631578947369,5469,0.5528169014084507,0.40870207345118786,0.39696309584828304
22,0.9526315789473684,5744,0.5669014084507042,0.42367855809494226,0.4132234572633193
22,1.0,6038,0.5774647887323944,0.43426310583325556,0.4249780893952674
23,0.1,623,0.43309859154929575,0.16951414264078546,0.15584777522717108
23,0.1473684210526316,842,0.426056338028169,0.1613643263963328,0.14366065151160068
23,0.19473684210526315,1194,0.4471830985915493,0.1738221909328854,0.16702886040985454
23,0.24210526315789474,1479,0.49295774647887325,0.24781986507138157,0.2336722599962573
23,0.2894736842105263,1710,0.4894366197183099,0.25531081737754424,0.24123334061612411
23,0.33684210526315794,2110,0.5140845070422535,0.3324904357128495,0.31739327794114747
23,0.38421052631578945,2299,0.528169014084507,0.331906388366721,0.3140187397034596
23,0.43157894736842106,2656,0.5035211267605634,0.34916166385692543,0.33416569932240914
23,0.4789473684210527,2878,0.5633802816901409,0.43162411036593257,0.4171059265710225
23,0.5263157894736842,3203,0.5176056338028169,0.3384927749300394,0.327522871082105
23,0.5736842105263158,3446,0.5528169014084507,0.3684620123725362,0.3556106842963185
23,0.6210526315789474,3724,0.5246478873239436,0.3588614323182037,0.34630559540889516
23,0.6684210526315789,4042,0.5422535211267606,0.34516391893919196,0.3323379588968909
23,0.7157894736842105,4313,0.5387323943661971,0.341377924757282,0.33122926171712974
23,0.7631578947368421,4599,0.5669014084507042,0.41698919127221085,0.4007657181598836
23,0.8105263157894737,4876,0.5563380281690141,0.3916652291498422,0.38054165947904084
23,0.8578947368421053,5168,0.5774647887323944,0.43055603385382973,0.41993785995756294
23,0.9052631578947369,5455,0.5633802816901409,0.39074712962345176,0.3841814221080265
23,0.9526315789473684,5738,0.5528169014084507,0.3913911681247517,0.38255628434674704
23,1.0,6038,0.5774647887323944,0.43426310583325556,0.4249780893952674
24,0.1,591,0.4507042253521127,0.25331353527803263,0.23300363636363652
24,0.1473684210526316,933,0.4964788732394366,0.29134348828759543,0.27706234859110024
24,0.19473684210526315,1164,0.4647887323943662,0.19306556373088393,0.16565216545769246
24,0.24210526315789474,1447,0.5,0.26751833837307515,0.25548532823523806
24,0.2894736842105263,1755,0.4788732394366197,0.328272449390026,0.3166526933556907
24,0.33684210526315794,2049,0.5105633802816901,0.3038673578777642,0.2946149744839668
24,0.38421052631578945,2377,0.5140845070422535,0.31842150889511806,0.3026402099048868
24,0.43157894736842106,2612,0.4859154929577465,0.2645973040639856,0.25329891748097033
24,0.4789473684210527,2926,0.5105633802816901,0.35667349049039393,0.3421794098343267
24,0.5263157894736842,3174,0.5070422535211268,0.34265116138257773,0.3332342603122094
24,0.5736842105263158,3467,0.5492957746478874,0.37905510754207206,0.3698090330403153
24,0.6210526315789474,3725,0.5140845070422535,0.33699433711422544,0.3216007030114577
24,0.6684210526315789,4061,0.5387323943661971,0.34886883808204777,0.3320885235218928
24,0.7157894736842105,4342,0.5246478873239436,0.36329289124452596,0.350027670171555
24,0.7631578947368421,4585,0.5387323943661971,0.42242885260852114,0.40915710374555836
24,0.8105263157894737,4937,0.5492957746478874,0.40049520405673705,0.3890677523211026
24,0.8578947368421053,5182,0.5422535211267606,0.37477547910827114,0.3654026950799123
24,0.9052631578947369,5489,0.5669014084507042,0.3946965089683648,0.3860955456358629
24,0.9526315789473684,5772,0.5669014084507042,0.4088543617433363,0.39940985094953474
24,1.0,6038,0.5774647887323944,0.43426310583325556,0.4249780893952674
25,0.1,643,0.43309859154929575,0.11304221586063781,0.10013104251601623
25,0.1473684210526316,931,0.44014084507042256,0.197475429397953,0.1804922915206727
25,0.19473684210526315,1157,0.45774647887323944,0.2168777942403634,0.20560420315236427
25,0.24210526315789474,1484,0.4788732394366197,0.24898790725202075,0.23329958482540236
25,0.2894736842105263,1781,0.5,0.3381263305886834,0.32368681231063623
25,0.33684210526315794,2005,0.45774647887323944,0.24404805578419284,0.2348773841961853
25,0.38421052631578945,2323,0.5070422535211268,0.34523150284298554,0.3321730547787466
25,0.43157894736842106,2606,0.5035211267605634,0.25449706340880673,0.2489318963426389
25,0.4789473684210527,2877,0.5316901408450704,0.3274835717936372,0.31070543432267417
25,0.5263157894736842,3115,0.5211267605633803,0.2593122561270987,0.2411620695283173
25,0.5736842105263158,3513,0.5176056338028169,0.3102331977283114,0.294891767792719
25,0.6210526315789474,3755,0.5492957746478874,0.42242885260852114,0.40915710374555836
25,0.6684210526315789,4019,0.5422535211267606,0.3832673846979973,0.37259392691713844
25,0.7157894736842105,4275,0.5563380281690141,0.3467312503094312,0.3366352078621012
25,0.7631578947368421,4630,0.5704225352112676,0.42621847425441567,0.41440274044660563
25,0.8105263157894737,4909,0.5563380281690141,0.3656958773315197,0.3551808993889706
25,0.8578947368421053,5160,0.545774647887324,0.3397665899511848,0.33229923772380787
25,0.9052631578947369,5468,0.5774647887323944,0.41921003198246953,0.4102350738506345
25,0.9526315789473684,5723,0.5809859154929577,0.43241318155676334,0.42096983920586084
25,1.0,6038,0.5774647887323944,0.43426310583325556,0.4249780893952674
26,0.1,589,0.40492957746478875,0.12598152377909622,0.11260422569416328
26,0.1473684210526316,850,0.4507042253521127,0.16788977793113768,0.1426342696674161
26,0.19473684210526315,1230,0.5105633802816901,0.34211107992685064,0.31181270472625167
26,0.24210526315789474,1457,0.4753521126760563,0.2540833020705244,0.24126752014126474
26,0.2894736842105263,1703,0.45422535211267606,0.17675754077367717,0.16694821459777476
26,0.33684210526315794,2124,0.5140845070422535,0.36304731520063155,0.3429351874844798
26,0.38421052631578945,2298,0.5176056338028169,0.37229306822178304,0.3515828830864678
26,0.43157894736842106,2597,0.49295774647887325,0.25650402873131056,0.2445630265306541
26,0.4789473684210527,2923,0.5140845070422535,0.2781621966605444,0.26699991381539256
26,0.5263157894736842,3211,0.5352112676056338,0.3404319787659157,0.33326168318834715
26,0.5736842105263158,3450,0.5422535211267606,0.36787613541213005,0.35329235943192705
26,0.6210526315789474,3705,0.5563380281690141,0.3154470575149225,0.30867709815078237
26,0.6684210526315789,4019,0.5387323943661971,0.33551198444262703,0.3229273285568066
26,0.7157894736842105,4305,0.5528169014084507,0.36067232437674834,0.3507076685537829
26,0.7631578947368421,4646,0.5563380281690141,0.3729384100077418,0.36254264447431006
26,0.8105263157894737,4892,0.5352112676056338,0.34844717223967375,0.34020716888269964
26,0.8578947368421053,5202,0.5352112676056338,0.35100672264490795,0.34184770543274867
26,0.9052631578947369,5480,0.5633802816901409,0.3855442393132481,0.3730456696153055
26,0.9526315789473684,5717,0.5528169014084507,0.3664618369469479,0.35828846911403334
26,1.0,6038,0.5774647887323944,0.43426310583325556,0.4249780893952674
27,0.1,574,0.4154929577464789,0.04951206780132472,0.04167243911224405
27,0.1473684210526316,893,0.4964788732394366,0.25805610735488616,0.23025508116218796
27,0.19473684210526315,1203,0.44366197183098594,0.27308119963295746,0.2601002192295646
27,0.24210526315789474,1491,0.44014084507042256,0.18433423351069317,0.16947357562837395
27,0.2894736842105263,1756,0.5105633802816901,0.35760538688951293,0.34437007327725755
27,0.33684210526315794,2073,0.5176056338028169,0.3017637477307066,0.2888998325618044
27,0.38421052631578945,2282,0.5070422535211268,0.3223776051306487,0.3027333350237075
27,0.43157894736842106,2603,0.5598591549295775,0.38426543522327905,0.3725916475734222
27,0.4789473684210527,2911,0.545774647887324,0.3562123564644447,0.3391939647610216
27,0.5263157894736842,3171,0.5422535211267606,0.31950892325494323,0.3011310295498234
27,0.5736842105263158,3450,0.5176056338028169,0.3733861182530845,0.3614490772385509
27,0.6210526315789474,3789,0.5352112676056338,0.32764363489402976,0.3145408693843593
27,0.6684210526315789,4041,0.5035211267605634,0.3029444989042484,0.29191967913943817
27,0.7157894736842105,4336,0.5704225352112676,0.3704706484590407,0.3584653363505451
27,0.7631578947368421,4591,0.5492957746478874,0.31610335073727025,0.3048845947396671
27,0.8105263157894737,4839,0.5387323943661971,0.3646197500396851,0.3565014591803646
27,0.8578947368421053,5163,0.5563380281690141,0.4052346152947867,0.39507709502883126
27,0.9052631578947369,5455,0.5528169014084507,0.41519486457764526,0.40277607252941827
27,0.9526315789473684,5769,0.5563380281690141,0.4056613670256997,0.39601298569544485
27,1.0,6038,0.5774647887323944,0.43426310583325556,0.4249780893952674
28,0.1,611,0.44014084507042256,0.15625026403441253,0.1236039090546468
28,0.1473684210526316,922,0.46830985915492956,0.23257760613688425,0.213942463096649
28,0.19473684210526315,1154,0.4507042253521127,0.1495865236204167,0.14225617716744843
28,0.24210526315789474,1455,0.4788732394366197,0.23063936957179978,0.21311637145732332
28,0.2894736842105263,1825,0.5211267605633803,0.3205341101926555,0.30860990350970197
28,0.33684210526315794,2066,0.46830985915492956,0.14857406240289703,0.1429546001765698
28,0.38421052631578945,2324,0.4964788732394366,0.2786875088966631,0.26210715769071025
28,0.43157894736842106,2611,0.5316901408450704,0.3483663246897022,0.33780181278086685
28,0.4789473684210527,2877,0.5316901408450704,0.38069659536336303,0.3638342165026496
28,0.5263157894736842,3255,0.5211267605633803,0.31142395567566866,0.2982988246308135
28,0.5736842105263158,3534,0.5352112676056338,0.35408293001090885,0.3401685393258427
28,0.6210526315789474,3803,0.573943661971831,0.39091864674635457,0.3798947756702712
28,0.6684210526315789,4046,0.5633802816901409,0.3988326052642251,0.3867524239224345
28,0.7157894736842105,4336,0.545774647887324,0.39379324361818496,0.38068240923749097
28,0.7631578947368421,4599,0.5492957746478874,0.3907577699339114,0.37793857451787394
28,0.8105263157894737,4925,0.545774647887324,0.34957953111549694,0.33958845606315524
28,0.8578947368421053,5135,0.5669014084507042,0.37274448688121853,0.36559834903901145
28,0.9052631578947369,5467,0.5633802816901409,0.3941748878198083,0.38511008549595227
28,0.9526315789473684,5760,0.5704225352112676,0.4118763096045576,0.4030864080791271
28,1.0,6038,0.5774647887323944,0.43426310583325556,0.4249780893952674
29,0.1,602,0.4471830985915493,0.11358712327490744,0.08699358610051167
29,0.1473684210526316,939,0.4295774647887324,0.12035265507900901,0.10719617185742614
29,0.19473684210526315,1129,0.4788732394366197,0.2699771175090937,0.2555099374227392
29,0.24210526315789474,1477,0.4823943661971831,0.2613546054064615,0.25364807943034806
29,0.2894736842105263,1708,0.4753521126760563,0.22515326877453531,0.20892499238663165
29,0.33684210526315794,1987,0.5387323943661971,0.37832727752811135,0.3619640582991369
29,0.38421052631578945,2327,0.528169014084507,0.35942270316992786,0.34210167085289933
29,0.43157894736842106,2641,0.5633802816901409,0.41393038936504806,0.3968085106382978
29,0.4789473684210527,2827,0.5105633802816901,0.3459862762674594,0.3346580484547512
29,0.5263157894736842,3208,0.4964788732394366,0.24649635613750276,0.23660819324984972
29,0.5736842105263158,3448,0.5633802816901409,0.4047813575767563,0.3915207778438623
29,0.6210526315789474,3746,0.528169014084507,0.24229554545945922,0.23195708712613783
29,0.6684210526315789,4089,0.5246478873239436,0.3728303715479646,0.3623587117433652
29,0.7157894736842105,4326,0.5422535211267606,0.37948335628391605,0.3661809889429004
29,0.7631578947368421,4570,0.5669014084507042,0.3615773459359311,0.3491357698904868
29,0.8105263157894737,4850,0.5422535211267606,0.35530094161816667,0.3464205880667164
29,0.8578947368421053,5181,0.5633802816901409,0.3951374013654531,0.3869653767820773
29,0.9052631578947369,5458,0.5633802816901409,0.438060769048506,0.4273188625815606
29,0.9526315789473684,5758,0.5704225352112676,0.43342665121541346,0.42368954349459276
29,1.0,6038,0.5774647887323944,0.43426310583325556,0.4249780893952674
30,0.1,587,0.44366197183098594,0.17125742168096836,0.1556668637914942
30,0.1473684210526316,888,0.4154929577464789,0.15644497790235457,0.14490640478589967
30,0.19473684210526315,1159,0.4647887323943662,0.14102160475652192,0.13227282938335394
30,0.24210526315789474,1434,0.4964788732394366,0.26316412154596397,0.25306433601037825
30,0.2894736842105263,1754,0.4894366197183099,0.3214818183874163,0.3059318423134928
30,0.33684210526315794,2102,0.5176056338028169,0.3374480686365666,0.32704545454545464
30,0.38421052631578945,2274,0.4964788732394366,0.2830212377635045,0.27110207648612183
30,0.43157894736842106,2630,0.545774647887324,0.36532420478338085,0.3424728746234438
30,0.4789473684210527,2941,0.5704225352112676,0.3925535142197524,0.3769230769230769
30,0.5263157894736842,3157,0.5387323943661971,0.3546190798520436,0.3403315793648696
30,0.5736842105263158,3441,0.5528169014084507,0.3858522930153487,0.3741239892183289
30,0.6210526315789474,3806,0.5352112676056338,0.3509131515769187,0.33787465940054495
30,0.6684210526315789,3999,0.5704225352112676,0.409839161180683,0.3979956494717215
30,0.7157894736842105,4277,0.545774647887324,0.37787460684432633,0.36569297700435055
30,0.7631578947368421,4593,0.5704225352112676,0.39931302746842484,0.39061551689257534
30,0.8105263157894737,4800,0.5316901408450704,0.37087195424778135,0.3638257117884439
30,0.8578947368421053,5215,0.5809859154929577,0.4640589563129655,0.4543439523664653
30,0.9052631578947369,5460,0.5598591549295775,0.41089517854791535,0.3989898989898989
30,0.9526315789473684,5793,0.5633802816901409,0.39884850501418284,0.3913119460741481
30,1.0,6038,0.5774647887323944,0.43426310583325556,0.4249780893952674
31,0.1,640,0.44014084507042256,0.13090912931513454,0.10010792356472242
31,0.1473684210526316,902,0.44014084507042256,0.1769561747436349,0.16542644533485962
31,0.19473684210526315,1234,0.4647887323943662,0.2660701673076657,0.24955647545830872
31,0.24210526315789474,1445,0.45774647887323944,0.23838196412511528,0.22722604398798574
31,0.2894736842105263,1738,0.4859154929577465,0.2526459499929926,0.2374932759548145
31,0.33684210526315794,2008,0.5246478873239436,0.3145615367338398,0.29635908668615174
31,0.38421052631578945,2327,0.5140845070422535,0.35004830207873655,0.3327968187843212
31,0.43157894736842106,2635,0.4823943661971831,0.19594457755749142,0.1843119995270347
31,0.4789473684210527,2921,0.5,0.2960323727955506,0.28206951187308305
31,0.5263157894736842,3129,0.4823943661971831,0.2567422262269324,0.24221698113207546
31,0.5736842105263158,3480,0.5528169014084507,0.38237939332949283,0.37058550185873607
31,0.6210526315789474,3730,0.5211267605633803,0.3084468464786778,0.29844277902079064
31,0.6684210526315789,4046,0.545774647887324,0.3658310583163781,0.35590179707625935
31,0.7157894736842105,4326,0.5387323943661971,0.3244004632678556,0.3144674790314923
31,0.7631578947368421,4613,0.5492957746478874,0.3747625750131437,0.36420398073345395
31,0.8105263157894737,4900,0.5563380281690141,0.3978964879920868,0.3862212943632568
31,0.8578947368421053,5165,0.5528169014084507,0.38198472986519016,0.37357559075499214
31,0.9052631578947369,5461,0.5633802816901409,0.3925645540694132,0.3843026339048965
31,0.9526315789473684,5764,0.573943661971831,0.4287487137500159,0.41890761850270675
31,1.0,6038,0.5774647887323944,0.43426310583325556,0.4249780893952674
32,0.1,614,0.41901408450704225,0.12018131328846823,0.10804870164852942
32,0.1473684210526316,889,0.4823943661971831,0.22465572984837814,0.20350371256772926
32,0.19473684210526315,1165,0.44366197183098594,0.2631387426171623,0.2442787057255481
32,0.24210526315789474,1466,0.5035211267605634,0.2802415121255338,0.2646863366259977
32,0.2894736842105263,1751,0.5,0.3486200556660209,0.32181963562351734
32,0.33684210526315794,1989,0.47183098591549294,0.2539202237717443,0.2431213680889922
32,0.38421052631578945,2381,0.5246478873239436,0.34847071366941523,0.33317562452687355
32,0.43157894736842106,2568,0.5176056338028169,0.3693966367086754,0.3597746756073099
32,0.4789473684210527,2875,0.5422535211267606,0.3605185479825233,0.34266974962690633
32,0.5263157894736842,3218,0.5070422535211268,0.28364304438102145,0.27157501589319777
32,0.5736842105263158,3475,0.5387323943661971,0.35873722093475535,0.3452484056373514
32,0.6210526315789474,3729,0.5422535211267606,0.38916687085283036,0.3771863117870723
32,0.6684210526315789,4058,0.5316901408450704,0.3352990571907522,0.3251675481641304
32,0.7157894736842105,4331,0.5316901408450704,0.3391861688637585,0.32882418104130395
32,0.7631578947368421,4602,0.5352112676056338,0.37674832870764285,0.3669280311871165
32,0.8105263157894737,4909,0.573943661971831,0.3951205121059178,0.38226136063280447
32,0.8578947368421053,5260,0.5633802816901409,0.38436222866988895,0.3744612068965516
32,0.9052631578947369,5482,0.545774647887324,0.38188237572115025,0.37035382416011453
32,0.9526315789473684,5779,0.5704225352112676,0.4149451462625396,0.4064687999498543
32,1.0,6038,0.5774647887323944,0.43426310583325556,0.4249780893952674
33,0.1,582,0.38380281690140844,0.0922486265540258,0.0650057620190625
33,0.1473684210526316,873,0.4788732394366197,0.3132638129575113,0.2917146899478934
33,0.19473684210526315,1205,0.46830985915492956,0.23477053426854783,0.22017009571392487
33,0.24210526315789474,1461,0.4964788732394366,0.258706698631765,0.23973670535250313
33,0.2894736842105263,1741,0.5070422535211268,0.2862081790511025,0.27648126710166276
33,0.33684210526315794,2041,0.5352112676056338,0.34841248437603584,0.33349493607836633
33,0.38421052631578945,2331,0.4859154929577465,0.3185119750510263,0.3052172814552805
33,0.43157894736842106,2580,0.5,0.25836978422998086,0.24035264308770954
33,0.4789473684210527,2782,0.5211267605633803,0.35231526361505255,0.3343818708936783
33,0.5263157894736842,3218,0.5316901408450704,0.3425490376192879,0.32778739842813387
33,0.5736842105263158,3459,0.5422535211267606,0.44543773544940657,0.43164184544886486
33,0.6210526315789474,3812,0.5352112676056338,0.34217608206688405,0.3267099430018999
33,0.6684210526315789,4077,0.545774647887324,0.36215493456991105,0.35148076587550336
33,0.7157894736842105,4321,0.5176056338028169,0.3378126627638665,0.32824985505785087
33,0.7631578947368421,4560,0.5563380281690141,0.38983492828718946,0.38039791996382544
33,0.8105263157894737,4897,0.5669014084507042,0.3996064800624388,0.39369469026548676
33,0.8578947368421053,5146,0.5633802816901409,0.3944072401930921,0.3799114554510238
33,0.9052631578947369,5457,0.5774647887323944,0.4164156671750039,0.4087884806355512
33,0.9526315789473684,5764,0.5774647887323944,0.4524230520594529,0.44050299825418127
33,1.0,6038,0.5774647887323944,0.43426310583325556,0.4249780893952674
34,0.1,592,0.45774647887323944,0.1359312170482518,0.10590387283966196
34,0.1473684210526316,915,0.4225352112676056,0.0972273402578914,0.09007268845625993
34,0.19473684210526315,1148,0.44366197183098594,0.24291256819317633,0.23084497634672208
34,0.24210526315789474,1492,0.4964788732394366,0.28792686965659975,0.27398821455147593
34,0.2894736842105263,1771,0.4859154929577465,0.27676029409930686,0.25916901497976563
34,0.33684210526315794,2073,0.5352112676056338,0.3962595109914152,0.3808200138985406
34,0.38421052631578945,2309,0.4753521126760563,0.2583753021533212,0.2447854231599137
34,0.43157894736842106,2651,0.5316901408450704,0.35628683942639344,0.3410260667441475
34,0.4789473684210527,2853,0.5176056338028169,0.3338171810897175,0.3213622571441511
34,0.5263157894736842,3124,0.5246478873239436,0.33879568232146084,0.3268698060941827
34,0.5736842105263158,3484,0.5316901408450704,0.3451656130294493,0.33807582577427076
34,0.6210526315789474,3721,0.5140845070422535,0.3609104474873343,0.3481897463002114
34,0.6684210526315789,4067,0.528169014084507,0.32435288533084394,0.3141921268903112
34,0.7157894736842105,4333,0.5669014084507042,0.4556215097811201,0.44074549217052716
34,0.7631578947368421,4610,0.5633802816901409,0.42232748829713807,0.41209024585248855
34,0.8105263157894737,4865,0.5528169014084507,0.3665500955489636,0.35822205265165974
34,0.8578947368421053,5192,0.5880281690140845,0.42828733288038806,0.4157707486828548
34,0.9052631578947369,5467,0.5598591549295775,0.43606366236860317,0.42603758637383915
34,0.9526315789473684,5759,0.5880281690140845,0.4126753343682196,0.40252134650632576
34,1.0,6038,0.5774647887323944,0.43426310583325556,0.4249780893952674
35,0.1,603,0.4295774647887324,0.1522635857804692,0.13906269484401468
35,0.1473684210526316,919,0.43661971830985913,0.11392702597510307,0.10039060554531798
35,0.19473684210526315,1127,0.4647887323943662,0.263736512331228,0.2314232902033272
35,0.24210526315789474,1513,0.4647887323943662,0.25108681807651784,0.23910244620194954
35,0.2894736842105263,1751,0.5,0.28371231097112865,0.27128710192375327
35,0.33684210526315794,1984,0.5105633802816901,0.4039250271835321,0.38489911043610325
35,0.38421052631578945,2331,0.5246478873239436,0.35145789168854025,0.3361906556141673
35,0.43157894736842106,2598,0.5492957746478874,0.34137086373655234,0.3306121423727111
35,0.4789473684210527,2870,0.5246478873239436,0.3993546748188052,0.3833341023393162
35,0.5263157894736842,3175,0.5352112676056338,0.3980353550885223,0.38097099417726976
35,0.5736842105263158,3440,0.5387323943661971,0.3819624574268841,0.36756948271789625
35,0.6210526315789474,3787,0.545774647887324,0.33201512105087533,0.3195648807680397
35,0.6684210526315789,4052,0.5492957746478874,0.3628091741500272,0.3500924792247375
35,0.7157894736842105,4359,0.5633802816901409,0.37661889769501317,0.3652103728389918
35,0.7631578947368421,4633,0.5492957746478874,0.3908536487442873,0.38052699228791775
35,0.8105263157894737,4893,0.5704225352112676,0.42056847381703105,0.4111343976019751
35,0.8578947368421053,5185,0.5598591549295775,0.38458975600025835,0.37431988518577575
35,0.9052631578947369,5427,0.5528169014084507,0.3454552003741785,0.33640341949928765
35,0.9526315789473684,5743,0.5880281690140845,0.46511515319942903,0.4536781051822837
35,1.0,6038,0.5774647887323944,0.43426310583325556,0.4249780893952674
36,0.1,592,0.4507042253521127,0.12419278458329004,0.11735306969630765
36,0.1473684210526316,890,0.4894366197183099,0.26888198621353604,0.2546906132388753
36,0.19473684210526315,1171,0.4894366197183099,0.18029973245737574,0.1601744186046511
36,0.24210526315789474,1447,0.5105633802816901,0.3460708908823156,0.31777855092632856
36,0.2894736842105263,1730,0.5176056338028169,0.3183367588437282,0.3012691059480873
36,0.33684210526315794,2029,0.5035211267605634,0.3276376734620973,0.3098442389024516
36,0.38421052631578945,2324,0.5246478873239436,0.25107025029531943,0.24237581219870052
36,0.43157894736842106,2596,0.4894366197183099,0.2429335301353184,0.2313775979400403
36,0.4789473684210527,2907,0.5704225352112676,0.3769105745656095,0.36775121942103195
36,0.5263157894736842,3203,0.545774647887324,0.36379802522379556,0.35107082719427485
36,0.5736842105263158,3463,0.5316901408450704,0.3603905661034895,0.34596041157200197
36,0.6210526315789474,3793,0.5563380281690141,0.34398259842754486,0.3370672097759674
36,0.6684210526315789,4003,0.545774647887324,0.310948499356278,0.303653669020571
36,0.7157894736842105,4319,0.5352112676056338,0.3521045821486799,0.3413104089219331
36,0.7631578947368421,4602,0.545774647887324,0.37893098596280983,0.3629043045560342
36,0.8105263157894737,4901,0.5669014084507042,0.4266247305700947,0.4121747181597084
36,0.8578947368421053,5162,0.5563380281690141,0.40158228886661546,0.3906813704168054
36,0.9052631578947369,5483,0.5704225352112676,0.39309783044152335,0.38514432569655566
36,0.9526315789473684,5739,0.5669014084507042,0.40975305934771267,0.4012219959266802
36,1.0,6038,0.5774647887323944,0.43426310583325556,0.4249780893952674
37,0.1,618,0.4471830985915493,0.23104897550266812,0.1968582887700534
37,0.1473684210526316,934,0.4507042253521127,0.1939395337364974,0.18027634124763547
37,0.19473684210526315,1150,0.4612676056338028,0.24481936686561012,0.23421110984189275
37,0.24210526315789474,1431,0.4964788732394366,0.2944792052602127,0.28325225851285607
37,0.2894736842105263,1702,0.4647887323943662,0.24426681903396982,0.2302880174657822
37,0.33684210526315794,2007,0.5140845070422535,0.36632848093730996,0.351644677450633
37,0.38421052631578945,2313,0.5035211267605634,0.2742309100237315,0.26465887654579756
37,0.43157894736842106,2565,0.5070422535211268,0.28242506907777326,0.2692103868574456
37,0.4789473684210527,2912,0.5528169014084507,0.38972079188687014,0.3719840930927726
37,0.5263157894736842,3297,0.5176056338028169,0.36594848570301564,0.3504016605563942
37,0.5736842105263158,3495,0.5422535211267606,0.3858522930153485,0.3741239892183289
37,0.6210526315789474,3773,0.5598591549295775,0.4062383832758499,0.3935354273192111
37,0.6684210526315789,4036,0.5422535211267606,0.32705688972131597,0.3164667126528665
37,0.7157894736842105,4317,0.5352112676056338,0.344220894406153,0.3326096623159216
37,0.7631578947368421,4621,0.5316901408450704,0.3263459093245864,0.3158640226628896
37,0.8105263157894737,4896,0.5845070422535211,0.44543773544940657,0.43164184544886486
37,0.8578947368421053,5170,0.573943661971831,0.42154647161553854,0.4095221666379162
37,0.9052631578947369,5415,0.5563380281690141,0.4040442903209892,0.3965494706574304
37,0.9526315789473684,5765,0.5633802816901409,0.4095252943568053,0.39881800101636844
37,1.0,6038,0.5774647887323944,0.43426310583325556,0.4249780893952674
38,0.1,597,0.4295774647887324,0.05869365222790741,0.05444842824981244
38,0.1473684210526316,935,0.45774647887323944,0.12611941286177936,0.11199816646930738
38,0.19473684210526315,1130,0.43309859154929575,0.20248940087688747,0.18655766992393696
38,0.24210526315789474,1462,0.4964788732394366,0.26718868439659077,0.255510159212913
38,0.2894736842105263,1799,0.4647887323943662,0.17427787340473674,0.1663040657871101
38,0.33684210526315794,2043,0.4647887323943662,0.23887361075450209,0.2248546627379152
38,0.38421052631578945,2324,0.5070422535211268,0.35678184704247556,0.3408881691674003
38,0.43157894736842106,2550,0.5246478873239436,0.36180429091468164,0.34547408645808464
38,0.4789473684210527,2952,0.5105633802816901,0.33478101950210326,0.3229649762836202
38,0.5263157894736842,3154,0.5316901408450704,0.38835060127382837,0.3734556395782298
38,0.5736842105263158,3592,0.5,0.31321911895943017,0.30676205694363745
38,0.6210526315789474,3796,0.528169014084507,0.2936710218100221,0.28550855085508553
38,0.6684210526315789,4108,0.5,0.3646964182394203,0.3508094578762381
38,0.7157894736842105,4353,0.5316901408450704,0.3325258831223453,0.32088618902983745
38,0.7631578947368421,4585,0.5598591549295775,0.3783229086611326,0.3677007299270072
38,0.8105263157894737,4865,0.5387323943661971,0.39686283805661277,0.3878911806543386
38,0.8578947368421053,5192,0.5704225352112676,0.39731445193043036,0.3854835255407659
38,0.9052631578947369,5483,0.5809859154929577,0.4372403993160149,0.42862418396790325
38,0.9526315789473684,5736,0.573943661971831,0.42910184862678585,0.4198122979377884
38,1.0,6038,0.5774647887323944,0.43426310583325556,0.4249780893952674
39,0.1,598,0.43661971830985913,0.16127173611355222,0.14721477138045036
39,0.1473684210526316,887,0.44366197183098594,0.22422631512431287,0.19319176882662004
39,0.19473684210526315,1203,0.4788732394366197,0.15809327387453218,0.14819442884420986
39,0.24210526315789474,1456,0.46830985915492956,0.19084912333891044,0.18006618649016926
39,0.2894736842105263,1724,0.4964788732394366,0.3075785698904779,0.28857237404517
39,0.33684210526315794,2026,0.4964788732394366,0.31623749269414525,0.3080145948666332
39,0.38421052631578945,2290,0.49295774647887325,0.2723069071978987,0.2580759479868059
39,0.43157894736842106,2611,0.528169014084507,0.3097348840713663,0.29741518177988147
39,0.4789473684210527,2863,0.5246478873239436,0.3670361054234609,0.3499406641591408
39,0.5263157894736842,3168,0.5211267605633803,0.34453898233674757,0.3298616325917607
39,0.5736842105263158,3479,0.5422535211267606,0.32216068260176317,0.3124553252323089
39,0.6210526315789474,3708,0.5774647887323944,0.39395796583477416,0.38578294650861633
39,0.6684210526315789,4026,0.5422535211267606,0.41054608673126863,0.394258561363264
39,0.7157894736842105,4369,0.5598591549295775,0.3848867350768982,0.37348880742531787
39,0.7631578947368421,4635,0.545774647887324,0.37363580832221727,0.36445846077853983
39,0.8105263157894737,4925,0.573943661971831,0.39041913759863356,0.3806741687199938
39,0.8578947368421053,5135,0.5809859154929577,0.4286305602841238,0.4147631472660481
39,0.9052631578947369,5463,0.5633802816901409,0.42821017270041406,0.41700152024576265
39,0.9526315789473684,5739,0.5669014084507042,0.43124728179157124,0.4217490934730056
39,1.0,6038,0.5774647887323944,0.43426310583325556,0.4249780893952674
40,0.1,583,0.4471830985915493,0.22428134809515618,0.20861936365966893
40,0.1473684210526316,860,0.4612676056338028,0.1933989847409212,0.1707673778389539
40,0.19473684210526315,1136,0.44014084507042256,0.18910923653392434,0.1722514273181498
40,0.24210526315789474,1518,0.5140845070422535,0.35224519464505755,0.33861378687537624
40,0.2894736842105263,1739,0.4612676056338028,0.23553592329447723,0.22330916537524903
40,0.33684210526315794,2044,0.5316901408450704,0.306858509450334,0.29314988857668833
40,0.38421052631578945,2276,0.4964788732394366,0.24518779492565967,0.22867043121149877
40,0.43157894736842106,2672,0.45774647887323944,0.24224419736824193,0.23050422799874715
40,0.4789473684210527,2953,0.5176056338028169,0.3168879710828112,0.3058781490083974
40,0.5263157894736842,3170,0.528169014084507,0.3673417209561235,0.35656565656565653
40,0.5736842105263158,3520,0.5352112676056338,0.37397020304939227,0.3580439939616131
40,0.6210526315789474,3737,0.5528169014084507,0.39437102052019496,0.377246356303948
40,0.6684210526315789,4019,0.5492957746478874,0.37466526363632496,0.36106323743868485
40,0.7157894736842105,4279,0.528169014084507,0.3533804433582502,0.34466685294790045
40,0.7631578947368421,4635,0.5492957746478874,0.3733059593784979,0.362213018290106
40,0.8105263157894737,4891,0.5528169014084507,0.3584699475716123,0.34881410173690863
40,0.8578947368421053,5161,0.5633802816901409,0.4140332896440523,0.4049539753186324
40,0.9052631578947369,5449,0.5704225352112676,0.41187630960455773,0.4030864080791271
40,0.9526315789473684,5732,0.5704225352112676,0.43890814247875176,0.42825200578718925
40,1.0,6038,0.5774647887323944,0.43426310583325556,0.4249780893952674
41,0.1,576,0.43309859154929575,0.15870093845637936,0.14435783983356298
41,0.1473684210526316,874,0.426056338028169,0.16800065224056265,0.15380420744482393
41,0.19473684210526315,1163,0.5035211267605634,0.25060010749242567,0.22640539418266659
41,0.24210526315789474,1421,0.4823943661971831,0.22071667670238487,0.20336047115884293
41,0.2894736842105263,1768,0.4753521126760563,0.23271651401892443,0.21287138577624876
41,0.33684210526315794,2046,0.5,0.29707285213855106,0.2781038919266645
41,0.38421052631578945,2386,0.5105633802816901,0.3349126306461268,0.3239627898673162
41,0.43157894736842106,2561,0.528169014084507,0.34810304467744385,0.33740492900277474
41,0.4789473684210527,2904,0.5352112676056338,0.3435051625583906,0.32593846339841615
41,0.5263157894736842,3213,0.5422535211267606,0.35605789516677283,0.3448916006750615
41,0.5736842105263158,3520,0.5105633802816901,0.31538424842904095,0.3022285240375613
41,0.6210526315789474,3757,0.5598591549295775,0.40218582743023373,0.387382401770891
41,0.6684210526315789,4001,0.5422535211267606,0.3802268786393487,0.36473325864000694
41,0.7157894736842105,4262,0.5246478873239436,0.3689723601667472,0.35782909810456154
41,0.7631578947368421,4620,0.5633802816901409,0.3883506012738285,0.3734556395782298
41,0.8105263157894737,4907,0.5316901408450704,0.3699855777248649,0.3558134191176472
41,0.8578947368421053,5161,0.5563380281690141,0.3823908914435528,0.3753757678734806
41,0.9052631578947369,5442,0.573943661971831,0.429101848626786,0.4198122979377884
41,0.9526315789473684,5749,0.5669014084507042,0.3999091488998707,0.39133682789792523
41,1.0,6038,0.5774647887323944,0.43426310583325556,0.4249780893952674
42,0.1,616,0.43661971830985913,0.19852357322047953,0.18353187589998687
42,0.1473684210526316,857,0.4647887323943662,0.17756679936189296,0.1652114961891653
42,0.19473684210526315,1144,0.4788732394366197,0.22828339727013333,0.21508784640463663
42,0.24210526315789474,1453,0.4823943661971831,0.2533434393865718,0.22902702999670366
42,0.2894736842105263,1762,0.5140845070422535,0.31949426501191563,0.30915619621065116
42,0.33684210526315794,2055,0.5035211267605634,0.31937727111714415,0.30942402891642007
42,0.38421052631578945,2360,0.5070422535211268,0.2809092489263084,0.26675654853620945
42,0.43157894736842106,2567,0.5105633802816901,0.3192787557872865,0.30264937112260215
42,0.4789473684210527,2908,0.5422535211267606,0.31286246690929237,0.3026197225711824
42,0.5263157894736842,3188,0.5246478873239436,0.30320246137761975,0.28352802426148493
42,0.5736842105263158,3410,0.5387323943661971,0.3864288501717993,0.3651136115359406
42,0.6210526315789474,3769,0.5563380281690141,0.36569587733151976,0.3551808993889706
42,0.6684210526315789,4061,0.5492957746478874,0.3524278160658019,0.3425291164402763
42,0.7157894736842105,4343,0.5598591549295775,0.42586990216195,0.4107424752683646
42,0.7631578947368421,4623,0.5387323943661971,0.3456089508292487,0.3361168296448791
42,0.8105263157894737,4934,0.5633802816901409,0.38869015311870364,0.3762132604237868
42,0.8578947368421053,5204,0.5704225352112676,0.4008937255882781,0.39152336944170896
42,0.9052631578947369,5501,0.573943661971831,0.43664270378832964,0.42725826409757806
42,0.9526315789473684,5736,0.5809859154929577,0.42886152286499135,0.42124131749943994
42,1.0,6038,0.5774647887323944,0.43426310583325556,0.4249780893952674
43,0.1,626,0.38028169014084506,0.02484917484198576,-0.0016306563391763618
43,0.1473684210526316,949,0.426056338028169,0.15567323103184,0.13870246085011184
43,0.19473684210526315,1218,0.4507042253521127,0.22707565446148492,0.21150595836631658
43,0.24210526315789474,1449,0.4894366197183099,0.2922387466018186,0.28064903846153844
43,0.2894736842105263,1719,0.5211267605633803,0.339027552284998,0.3192530135360424
43,0.33684210526315794,1979,0.47183098591549294,0.279384209792206,0.2675207234363225
43,0.38421052631578945,2257,0.5176056338028169,0.32981965244942996,0.31164638688850266
43,0.43157894736842106,2602,0.5246478873239436,0.3207895455995701,0.3068876375222942
43,0.4789473684210527,2879,0.5422535211267606,0.36787613541213,0.35329235943192705
43,0.5263157894736842,3208,0.5176056338028169,0.29701467100005197,0.28505875623960064
43,0.5736842105263158,3449,0.545774647887324,0.35194652349545474,0.33606996606222594
43,0.6210526315789474,3715,0.5492957746478874,0.42165887972742006,0.40502897067737287
43,0.6684210526315789,4060,0.5563380281690141,0.413371958716414,0.39803107808126637
43,0.7157894736842105,4291,0.5563380281690141,0.37016840403448625,0.3608643319768442
43,0.7631578947368421,4590,0.5563380281690141,0.376493005982168,0.36909304650124786
43,0.8105263157894737,4829,0.5598591549295775,0.4252360244106587,0.4088137472283814
43,0.8578947368421053,5210,0.5492957746478874,0.3913041033379135,0.3808294149387188
43,0.9052631578947369,5478,0.5492957746478874,0.37441716408122677,0.36311651179413873
43,0.9526315789473684,5731,0.5669014084507042,0.4040442903209892,0.3965494706574304
43,1.0,6038,0.5774647887323944,0.43426310583325556,0.4249780893952674
44,0.1,605,0.45422535211267606,0.21082392228443603,0.1901635421418263
44,0.1473684210526316,890,0.44366197183098594,0.23586673154887988,0.21442679008342425
44,0.19473684210526315,1131,0.4471830985915493,0.1774938837743929,0.17061170212765953
44,0.24210526315789474,1443,0.4859154929577465,0.2884920603885613,0.27701388158586604
44,0.2894736842105263,1722,0.5105633802816901,0.31252556322807407,0.3022717563871231
44,0.33684210526315794,2060,0.5105633802816901,0.31363363564511076,0.3011119826512251
44,0.38421052631578945,2311,0.5211267605633803,0.32889768746577297,0.30383591387287723
44,0.43157894736842106,2605,0.5422535211267606,0.36731765536402977,0.3569790259690614
44,0.4789473684210527,2925,0.5352112676056338,0.37615043285351585,0.3647159360658332
44,0.5263157894736842,3150,0.5528169014084507,0.3831010504810135,0.3683436566997905
44,0.5736842105263158,3442,0.4964788732394366,0.33407829634200753,0.317915025249187
44,0.6210526315789474,3696,0.5809859154929577,0.39468687383995454,0.3835058544035296
44,0.6684210526315789,4006,0.5211267605633803,0.3607721189164374,0.34709656193452876
44,0.7157894736842105,4290,0.5422535211267606,0.32171603665982507,0.31124210418637965
44,0.7631578947368421,4615,0.5669014084507042,0.4269502402827519,0.4131237183868762
44,0.8105263157894737,4925,0.5704225352112676,0.3724696870081149,0.36096786989289964
44,0.8578947368421053,5174,0.5669014084507042,0.43124728179157107,0.4217490934730056
44,0.9052631578947369,5457,0.5492957746478874,0.3941046223285797,0.38342757720748166
44,0.9526315789473684,5746,0.5880281690140845,0.44450811987119154,0.4357220201919044
44,1.0,6038,0.5774647887323944,0.43426310583325556,0.4249780893952674
45,0.1,615,0.4154929577464789,0.10201183728825014,0.086386650956915
45,0.1473684210526316,920,0.4647887323943662,0.20453413124222738,0.1964656485027454
45,0.19473684210526315,1168,0.4894366197183099,0.27919006054631273,0.2654469502683553
45,0.24210526315789474,1440,0.4894366197183099,0.29512430897911374,0.28246969495137886
45,0.2894736842105263,1734,0.4753521126760563,0.2585798279331502,0.24207940540427053
45,0.33684210526315794,2040,0.4894366197183099,0.3016369136614984,0.2830456257029683
45,0.38421052631578945,2330,0.5140845070422535,0.3345684381943264,0.32344637373098517
45,0.43157894736842106,2695,0.5387323943661971,0.4083568449108662,0.39125360931988074
45,0.4789473684210527,2927,0.49295774647887325,0.2699498443988278,0.2603763143331489
45,0.5263157894736842,3167,0.5246478873239436,0.3520353698405778,0.3372430471584038
45,0.5736842105263158,3417,0.5176056338028169,0.3369233060641424,0.3173721509289408
45,0.6210526315789474,3754,0.5422535211267606,0.33058775340937574,0.3190304618408123
45,0.6684210526315789,3991,0.5633802816901409,0.413640921273607,0.4050588899995654
45,0.7157894736842105,4275,0.5915492957746479,0.4114499448885136,0.40505875962867854
45,0.7631578947368421,4573,0.5563380281690141,0.3916346390028956,0.3824670237632717
45,0.8105263157894737,4925,0.5563380281690141,0.39292532197665414,0.37715951986258955
45,0.8578947368421053,5164,0.5633802816901409,0.4265437543603814,0.41738373962214204
45,0.9052631578947369,5445,0.5528169014084507,0.3957864550983317,0.3843252655182827
45,0.9526315789473684,5741,0.5669014084507042,0.3983307582454971,0.3871847658260422
45,1.0,6038,0.5774647887323944,0.43426310583325556,0.4249780893952674
46,0.1,599,0.45774647887323944,0.2049413553620463,0.18767908309455594
46,0.1473684210526316,884,0.4471830985915493,0.2250585175623351,0.2024476655408708
46,0.19473684210526315,1185,0.5035211267605634,0.3007938703558871,0.272605284888522
46,0.24210526315789474,1475,0.47183098591549294,0.24334520519606775,0.2315259974511643
46,0.2894736842105263,1782,0.4859154929577465,0.3102331977283116,0.294891767792719
46,0.33684210526315794,2035,0.5035211267605634,0.3467724238219394,0.3339549638635775
46,0.38421052631578945,2306,0.5105633802816901,0.31428082633345344,0.2998308770234356
46,0.43157894736842106,2565,0.5246478873239436,0.36632848093731,0.351644677450633
46,0.4789473684210527,2931,0.5387323943661971,0.3579153170881115,0.34655176929725773
46,0.5263157894736842,3168,0.5211267605633803,0.33791510840897987,0.3323458687622399
46,0.5736842105263158,3553,0.573943661971831,0.37091983954979457,0.35529600150708796
46,0.6210526315789474,3686,0.5528169014084507,0.3906588043417373,0.37523564240766805
46,0.6684210526315789,4006,0.5211267605633803,0.34027761068748663,0.32485346069588905
46,0.7157894736842105,4350,0.5528169014084507,0.40510535694946137,0.39678952503855713
46,0.7631578947368421,4638,0.5492957746478874,0.3757456392738978,0.36521772894057347
46,0.8105263157894737,4897,0.5669014084507042,0.39620682821197095,0.3869650162178567
46,0.8578947368421053,5157,0.5598591549295775,0.4041559855076401,0.39351297341267044
46,0.9052631578947369,5460,0.5528169014084507,0.3698725031171703,0.3619386000404613
46,0.9526315789473684,5726,0.5563380281690141,0.40816766281092776,0.3974647673506567
46,1.0,6038,0.5774647887323944,0.43426310583325556,0.4249780893952674
47,0.1,584,0.47183098591549294,0.22109659727231268,0.20723572089399622
47,0.1473684210526316,921,0.46830985915492956,0.15754838464762455,0.14479638009049767
47,0.19473684210526315,1171,0.47183098591549294,0.18506357827813222,0.17125172411426848
47,0.24210526315789474,1467,0.46830985915492956,0.2092412784975591,0.1974016145307771
47,0.2894736842105263,1753,0.4894366197183099,0.30817473952345087,0.2959007607644245
47,0.33684210526315794,2071,0.5,0.3205855110592737,0.3146469928791076
47,0.38421052631578945,2332,0.49295774647887325,0.32640699243616433,0.31507952486410307
47,0.43157894736842106,2616,0.5140845070422535,0.29802111462763375,0.28811697313698303
47,0.4789473684210527,2943,0.5492957746478874,0.3607231801364703,0.348162848500029
47,0.5263157894736842,3226,0.528169014084507,0.32875956698235914,0.31936195486170027
47,0.5736842105263158,3520,0.5140845070422535,0.32880496112349294,0.3202689416764454
47,0.6210526315789474,3766,0.545774647887324,0.41394280065639283,0.3971432965769043
47,0.6684210526315789,4100,0.5669014084507042,0.3904206741846725,0.37710235149486016
47,0.7157894736842105,4313,0.5598591549295775,0.4072107262177903,0.39767949264345737
47,0.7631578947368421,4580,0.5633802816901409,0.3902815828060127,0.37902677061259415
47,0.8105263157894737,4905,0.5774647887323944,0.41003929154762475,0.3958229736449528
47,0.8578947368421053,5147,0.5528169014084507,0.40322565863290594,0.39185102863641075
47,0.9052631578947369,5449,0.5774647887323944,0.4020127509668075,0.3916309012875536
47,0.9526315789473684,5749,0.5563380281690141,0.4031611959907653,0.39471104923743483
47,1.0,6038,0.5774647887323944,0.43426310583325556,0.4249780893952674
48,0.1,602,0.39436619718309857,0.0964252036247337,0.08659306484217066
48,0.1473684210526316,873,0.43309859154929575,0.1519143785108729,0.14012502830635365
48,0.19473684210526315,1234,0.45422535211267606,0.20219903850646911,0.19199183408342235
48,0.24210526315789474,1422,0.4788732394366197,0.27324710044832423,0.26147460772734943
48,0.2894736842105263,1670,0.4964788732394366,0.2583753021533211,0.2447854231599137
48,0.33684210526315794,2071,0.5140845070422535,0.3120621052534309,0.29996282823991716
48,0.38421052631578945,2321,0.5,0.3613647272576129,0.35035923405602154
48,0.43157894736842106,2566,0.4964788732394366,0.31045023084147233,0.2992508218026144
48,0.4789473684210527,2919,0.5352112676056338,0.3165604497809981,0.2963077877753646
48,0.5263157894736842,3203,0.5563380281690141,0.32359433536993787,0.31072390264306815
48,0.5736842105263158,3422,0.5528169014084507,0.3644484596077486,0.35082140964493913
48,0.6210526315789474,3724,0.5176056338028169,0.30263948961510734,0.2928538366591237
48,0.6684210526315789,4030,0.5492957746478874,0.3913041033379135,0.3808294149387188
48,0.7157894736842105,4292,0.5669014084507042,0.40181436811897864,0.38868523709642644
48,0.7631578947368421,4596,0.5492957746478874,0.41199323371316127,0.4008505154639175
48,0.8105263157894737,4909,0.5704225352112676,0.42665653667448455,0.4169592696629213
48,0.8578947368421053,5142,0.5809859154929577,0.4494885466828527,0.43792810135649374
48,0.9052631578947369,5445,0.5633802816901409,0.3795063948844929,0.3716630142444466
48,0.9526315789473684,5774,0.5669014084507042,0.42783377430732,0.4175839504920361
48,1.0,6038,0.5774647887323944,0.43426310583325556,0.4249780893952674
49,0.1,625,0.46830985915492956,0.212548454054723,0.18912529550827417
49,0.1473684210526316,900,0.4612676056338028,0.19108641443000754,0.16934088625962718
49,0.19473684210526315,1178,0.45774647887323944,0.23760100816098872,0.22812432607289201
49,0.24210526315789474,1430,0.5211267605633803,0.34922668716842825,0.3225123805136474
49,0.2894736842105263,1683,0.4823943661971831,0.1969629384394647,0.18975545939418337
49,0.33684210526315794,1978,0.5246478873239436,0.3324904357128495,0.31739327794114747
49,0.38421052631578945,2294,0.4823943661971831,0.21797810982893484,0.19677850940475883
49,0.43157894736842106,2610,0.5422535211267606,0.39483396369287266,0.3809066512313197
49,0.4789473684210527,2870,0.5316901408450704,0.3796867654822323,0.36734485682770224
49,0.5263157894736842,3218,0.5598591549295775,0.39892860493491694,0.38376100095429955
49,0.5736842105263158,3470,0.5422535211267606,0.3472413002227053,0.3339800443458979
49,0.6210526315789474,3794,0.5246478873239436,0.3012500590432772,0.2908701089869573
49,0.6684210526315789,4029,0.5352112676056338,0.34312794400641056,0.3333226247919866
49,0.7157894736842105,4369,0.5563380281690141,0.3701364287137417,0.35635438413361165
49,0.7631578947368421,4590,0.545774647887324,0.3653379268370594,0.35749899274778396
49,0.8105263157894737,4863,0.5774647887323944,0.4159994995239311,0.4078917924364106
49,0.8578947368421053,5230,0.5563380281690141,0.39062166136876725,0.3823838737949168
49,0.9052631578947369,5432,0.573943661971831,0.4057218440453216,0.3934293400854565
49,0.9526315789473684,5770,0.5704225352112676,0.44261537916173316,0.4319645936897636
49,1.0,6038,0.5774647887323944,0.43426310583325556,0.4249780893952674
